[{"type": "Processor", "brand": "Intel", "name": "i5 4460", "price": 19, "year": 2013, "cores": 4, "clockspeedInGhz": 3.4, "lithography": 22}, {"type": "Processor", "brand": "AMD", "name": "Ryzen 9 5900x", "price": 300, "year": 2020, "cores": 12, "clockspeedInGhz": 4.6, "lithography": 7}, {"type": "VideoCard", "brand": "AMD", "name": "RX 6800 XT", "price": 359, "year": 2020, "memoryInGb": 16}, {"type": "VideoCard", "brand": "NVIDIA", "name": "GTX 1050 Ti", "price": 139, "year": 2016, "memoryInGb": 4}, {"type": "Motherboard", "brand": "ASRock", "name": "Fatal1ty B360 Gaming K4", "price": 79, "year": 2018, "socket": "1151", "formFactor": "ATX", "ramSlots": 4}, {"type": "StorageDrive", "brand": "Seagate", "name": "Barracuda 2TB", "price": 39, "year": 2017, "diskType": "Hard Drive", "sizeInGb": 2000, "formFactor": "3.5 inch", "interface": "SATA"}, {"type": "PowerSupply", "brand": "EVGA", "name": "600BR", "price": 59, "year": 2017, "wattage": 600, "formFactor": "ATX"}]